{
  "project_info": {
    "project_number": "191402646145",
    "firebase_url": "https://gps-tracker-a713b-default-rtdb.firebaseio.com",
    "project_id": "gps-tracker-a713b",
    "storage_bucket": "gps-tracker-a713b.firebasestorage.app"
  },
  "client": [
    {
      "client_info": {
        "mobilesdk_app_id": "1:191402646145:android:0ca62402dcce56faedcb80",
        "android_client_info": {
          "package_name": "com.example.gps_tracker"
        }
      },
      "oauth_client": [],
      "api_key": [
        {
          "current_key": "AIzaSyAfSId5_RmE1Qp9baNJHOwTzKqDwunQJGo"
        }
      ],
      "services": {
        "appinvite_service": {
          "other_platform_oauth_client": []
        }
      }
    }
  ],
  "configuration_version": "1"
}